,learning rate,sequence length,num epochs,num hidden units,median NSE
0,0.001,30,1,20,0.17440453171730042
1,1e-05,30,1,20,-0.054778099060058594
